Sigla ICAO Empresa Aérea;Sigla ICAO Aeroporto Origem;Sigla ICAO Aeroporto Destino;Número de Assentos;Partida Real;Chegada Real
AZU;SBEG;SWPI;118;02/01/2022 13:28;02/01/2022 14:18
AZU;SBEG;SWPI;118;03/01/2022 12:56;03/01/2022 13:49
AZU;SBEG;SWPI;118;05/01/2022 12:54;05/01/2022 13:47
AZU;SBEG;SWPI;118;07/01/2022 12:59;07/01/2022 13:55
AZU;SBEG;SWPI;118;09/01/2022 12:50;09/01/2022 13:43
AZU;SBEG;SWPI;118;10/01/2022 13:22;10/01/2022 14:15
AZU;SBEG;SWPI;118;12/01/2022 12:52;12/01/2022 13:47
AZU;SBEG;SWPI;118;14/01/2022 12:42;14/01/2022 13:36
AZU;SBEG;SWPI;118;16/01/2022 13:21;16/01/2022 14:12
AZU;SBEG;SWPI;118;19/01/2022 12:46;19/01/2022 13:42
AZU;SBEG;SWPI;118;21/01/2022 13:22;21/01/2022 14:16
AZU;SBEG;SWPI;118;23/01/2022 12:44;23/01/2022 13:37
AZU;SBEG;SWPI;118;24/01/2022 12:40;24/01/2022 13:34
AZU;SBEG;SWPI;118;26/01/2022 12:41;26/01/2022 13:39
AZU;SBEG;SWPI;118;28/01/2022 12:48;28/01/2022 13:42
AZU;SBEG;SWPI;118;30/01/2022 12:50;30/01/2022 13:41
AZU;SBEG;SWPI;118;31/01/2022 12:40;31/01/2022 13:36
AZU;SBEG;SWPI;118;02/02/2022 15:52;02/02/2022 16:47
AZU;SBEG;SWPI;118;04/02/2022 12:51;04/02/2022 13:50
AZU;SBEG;SWPI;118;06/02/2022 12:46;06/02/2022 13:46
AZU;SBEG;SWPI;118;07/02/2022 12:46;07/02/2022 13:37
AZU;SBEG;SWPI;118;09/02/2022 13:03;09/02/2022 13:53
AZU;SBEG;SWPI;118;;
AZU;SBEG;SWPI;118;12/02/2022 17:01;12/02/2022 17:55
AZU;SBEG;SWPI;118;13/02/2022 12:40;13/02/2022 13:38
AZU;SBEG;SWPI;118;14/02/2022 12:43;14/02/2022 13:43
AZU;SBEG;SWPI;118;16/02/2022 12:43;16/02/2022 13:30
AZU;SBEG;SWPI;118;18/02/2022 12:52;18/02/2022 13:52
AZU;SBEG;SWPI;118;20/02/2022 13:01;20/02/2022 14:22
AZU;SBEG;SWPI;118;21/02/2022 12:45;21/02/2022 13:41
AZU;SBEG;SWPI;118;23/02/2022 12:53;23/02/2022 13:49
AZU;SBEG;SWPI;118;25/02/2022 12:53;25/02/2022 13:49
AZU;SBEG;SWPI;118;27/02/2022 14:09;27/02/2022 15:00
AZU;SBEG;SWPI;118;02/03/2022 12:47;02/03/2022 13:38
AZU;SBEG;SWPI;118;04/03/2022 12:53;04/03/2022 13:56
AZU;SBEG;SWPI;118;06/03/2022 12:47;06/03/2022 13:45
AZU;SBEG;SWPI;118;07/03/2022 12:48;07/03/2022 13:58
AZU;SBEG;SWPI;118;09/03/2022 12:51;09/03/2022 13:46
AZU;SBEG;SWPI;118;11/03/2022 12:49;11/03/2022 13:42
AZU;SBEG;SWPI;118;13/03/2022 12:43;13/03/2022 13:33
AZU;SBEG;SWPI;118;14/03/2022 12:56;14/03/2022 13:51
AZU;SBEG;SWPI;118;16/03/2022 12:56;16/03/2022 14:04
AZU;SBEG;SWPI;118;18/03/2022 12:52;18/03/2022 13:49
AZU;SBEG;SWPI;118;20/03/2022 13:03;20/03/2022 13:58
AZU;SBEG;SWPI;118;21/03/2022 12:48;21/03/2022 13:44
AZU;SBEG;SWPI;118;23/03/2022 12:43;23/03/2022 13:38
AZU;SBEG;SWPI;118;25/03/2022 12:49;25/03/2022 13:39
AZU;SBEG;SWPI;118;27/03/2022 12:47;27/03/2022 13:45
AZU;SBEG;SWPI;118;28/03/2022 12:42;28/03/2022 13:36
AZU;SBEG;SWPI;118;30/03/2022 12:50;30/03/2022 13:43
AZU;SBEG;SWPI;118;01/04/2022 12:44;01/04/2022 13:42
AZU;SBEG;SWPI;118;03/04/2022 12:43;03/04/2022 13:42
AZU;SBEG;SWPI;118;04/04/2022 12:49;04/04/2022 13:45
AZU;SBEG;SWPI;118;06/04/2022 12:43;06/04/2022 13:37
AZU;SBEG;SWPI;118;08/04/2022 13:44;08/04/2022 14:40
AZU;SBEG;SWPI;118;10/04/2022 16:40;10/04/2022 17:35
AZU;SBEG;SWPI;118;11/04/2022 12:50;11/04/2022 13:45
AZU;SBEG;SWPI;118;13/04/2022 12:47;13/04/2022 13:45
AZU;SBEG;SWPI;118;17/04/2022 12:43;17/04/2022 13:37
AZU;SBEG;SWPI;118;18/04/2022 12:44;18/04/2022 13:40
AZU;SBEG;SWPI;118;20/04/2022 12:50;20/04/2022 13:50
AZU;SBEG;SWPI;118;24/04/2022 13:01;24/04/2022 13:53
AZU;SBEG;SWPI;118;25/04/2022 12:39;25/04/2022 13:30
AZU;SBEG;SWPI;118;27/04/2022 12:57;27/04/2022 13:50
AZU;SBEG;SWPI;118;29/04/2022 12:57;29/04/2022 13:50
AZU;SBEG;SWPI;118;01/05/2022 12:44;01/05/2022 13:39
AZU;SBEG;SWPI;118;02/05/2022 12:38;02/05/2022 13:34
AZU;SBEG;SWPI;118;03/05/2022 14:29;03/05/2022 15:25
AZU;SBEG;SWPI;118;04/05/2022 12:51;04/05/2022 13:44
AZU;SBEG;SWPI;118;;
AZU;SBEG;SWPI;118;06/05/2022 12:43;06/05/2022 13:37
AZU;SBEG;SWPI;118;06/05/2022 16:10;06/05/2022 17:14
AZU;SBEG;SWPI;118;07/05/2022 14:34;07/05/2022 15:28
AZU;SBEG;SWPI;118;08/05/2022 12:50;08/05/2022 13:47
AZU;SBEG;SWPI;118;09/05/2022 12:41;09/05/2022 13:38
AZU;SBEG;SWPI;118;;
AZU;SBEG;SWPI;118;11/05/2022 12:47;11/05/2022 13:37
AZU;SBEG;SWPI;118;12/05/2022 14:30;12/05/2022 15:21
AZU;SBEG;SWPI;118;13/05/2022 12:40;13/05/2022 13:37
AZU;SBEG;SWPI;118;14/05/2022 14:30;14/05/2022 15:21
AZU;SBEG;SWPI;118;15/05/2022 12:49;15/05/2022 13:40
AZU;SBEG;SWPI;118;16/05/2022 12:40;16/05/2022 13:35
AZU;SBEG;SWPI;118;17/05/2022 14:28;17/05/2022 15:21
AZU;SBEG;SWPI;118;18/05/2022 12:35;18/05/2022 13:23
AZU;SBEG;SWPI;118;19/05/2022 14:46;19/05/2022 15:53
AZU;SBEG;SWPI;118;20/05/2022 12:42;20/05/2022 13:31
AZU;SBEG;SWPI;118;21/05/2022 14:36;21/05/2022 15:34
AZU;SBEG;SWPI;118;22/05/2022 12:49;22/05/2022 13:51
AZU;SBEG;SWPI;118;23/05/2022 13:13;23/05/2022 14:02
AZU;SBEG;SWPI;118;24/05/2022 14:33;24/05/2022 15:29
AZU;SBEG;SWPI;118;25/05/2022 12:57;25/05/2022 13:54
AZU;SBEG;SWPI;118;26/05/2022 14:40;26/05/2022 15:37
AZU;SBEG;SWPI;118;27/05/2022 12:45;27/05/2022 13:38
AZU;SBEG;SWPI;118;28/05/2022 14:39;28/05/2022 15:31
AZU;SBEG;SWPI;118;29/05/2022 12:45;29/05/2022 13:36
AZU;SBEG;SWPI;118;30/05/2022 12:48;30/05/2022 13:38
AZU;SBEG;SWPI;118;31/05/2022 14:42;31/05/2022 15:37
AZU;SBEG;SWPI;118;01/06/2022 12:50;01/06/2022 13:49
AZU;SBEG;SWPI;118;02/06/2022 14:32;02/06/2022 15:25
AZU;SBEG;SWPI;118;03/06/2022 12:42;03/06/2022 13:41
AZU;SBEG;SWPI;118;04/06/2022 14:32;04/06/2022 15:27
AZU;SBEG;SWPI;118;;
AZU;SBEG;SWPI;118;;
AZU;SBEG;SWPI;118;07/06/2022 14:42;07/06/2022 15:38
AZU;SBEG;SWPI;118;07/06/2022 10:29;07/06/2022 11:26
AZU;SBEG;SWPI;118;08/06/2022 12:45;08/06/2022 13:40
AZU;SBEG;SWPI;118;09/06/2022 14:34;09/06/2022 15:29
AZU;SBEG;SWPI;118;10/06/2022 12:50;10/06/2022 13:42
AZU;SBEG;SWPI;118;;
AZU;SBEG;SWPI;118;12/06/2022 12:58;12/06/2022 13:49
AZU;SBEG;SWPI;118;13/06/2022 13:33;13/06/2022 14:28
AZU;SBEG;SWPI;118;14/06/2022 14:40;14/06/2022 15:30
AZU;SBEG;SWPI;118;15/06/2022 12:44;15/06/2022 13:33
AZU;SBEG;SWPI;118;16/06/2022 14:28;16/06/2022 15:24
AZU;SBEG;SWPI;118;17/06/2022 12:51;17/06/2022 13:43
AZU;SBEG;SWPI;118;18/06/2022 14:37;18/06/2022 15:28
AZU;SBEG;SWPI;118;19/06/2022 12:49;19/06/2022 13:48
AZU;SBEG;SWPI;118;20/06/2022 16:28;20/06/2022 17:24
AZU;SBEG;SWPI;118;21/06/2022 14:19;21/06/2022 15:11
AZU;SBEG;SWPI;118;21/06/2022 10:56;21/06/2022 11:50
AZU;SBEG;SWPI;118;21/06/2022 18:25;21/06/2022 19:20
AZU;SBEG;SWPI;118;22/06/2022 09:41;22/06/2022 10:34
AZU;SBEG;SWPI;118;22/06/2022 13:09;22/06/2022 14:01
AZU;SBEG;SWPI;118;22/06/2022 16:35;22/06/2022 17:32
AZU;SBEG;SWPI;118;23/06/2022 12:49;23/06/2022 13:46
AZU;SBEG;SWPI;118;23/06/2022 17:16;23/06/2022 18:12
AZU;SBEG;SWPI;118;23/06/2022 10:38;23/06/2022 11:35
AZU;SBEG;SWPI;118;23/06/2022 09:07;23/06/2022 09:59
AZU;SBEG;SWPI;118;23/06/2022 16:28;23/06/2022 17:22
AZU;SBEG;SWPI;118;23/06/2022 20:29;23/06/2022 21:24
AZU;SBEG;SWPI;118;24/06/2022 11:56;24/06/2022 12:52
AZU;SBEG;SWPI;118;24/06/2022 12:39;24/06/2022 13:41
AZU;SBEG;SWPI;118;24/06/2022 08:29;24/06/2022 09:23
AZU;SBEG;SWPI;118;24/06/2022 15:29;24/06/2022 16:24
AZU;SBEG;SWPI;118;24/06/2022 18:55;24/06/2022 19:50
AZU;SBEG;SWPI;118;24/06/2022 17:01;24/06/2022 17:54
AZU;SBEG;SWPI;118;25/06/2022 11:43;25/06/2022 12:37
AZU;SBEG;SWPI;118;25/06/2022 15:19;25/06/2022 16:10
AZU;SBEG;SWPI;118;25/06/2022 19:20;25/06/2022 20:14
AZU;SBEG;SWPI;118;25/06/2022 03:35;25/06/2022 04:39
AZU;SBEG;SWPI;118;26/06/2022 12:44;26/06/2022 13:36
AZU;SBEG;SWPI;118;26/06/2022 02:51;26/06/2022 03:43
AZU;SBEG;SWPI;118;26/06/2022 05:54;26/06/2022 06:49
AZU;SBEG;SWPI;118;26/06/2022 09:37;26/06/2022 10:33
AZU;SBEG;SWPI;118;26/06/2022 13:27;26/06/2022 14:26
AZU;SBEG;SWPI;118;26/06/2022 20:39;26/06/2022 21:31
AZU;SBEG;SWPI;118;26/06/2022 16:58;26/06/2022 17:52
AZU;SBEG;SWPI;0;27/06/2022 00:15;27/06/2022 01:14
AZU;SBEG;SWPI;118;27/06/2022 12:47;27/06/2022 13:52
AZU;SBEG;SWPI;118;27/06/2022 12:10;27/06/2022 13:07
AZU;SBEG;SWPI;118;27/06/2022 04:14;27/06/2022 05:09
AZU;SBEG;SWPI;118;;
AZU;SBEG;SWPI;118;27/06/2022 11:44;27/06/2022 12:36
AZU;SBEG;SWPI;118;27/06/2022 15:29;27/06/2022 16:27
AZU;SBEG;SWPI;118;27/06/2022 22:24;27/06/2022 23:12
AZU;SBEG;SWPI;118;27/06/2022 19:15;27/06/2022 20:12
AZU;SBEG;SWPI;118;27/06/2022 20:50;27/06/2022 21:48
AZU;SBEG;SWPI;118;27/06/2022 16:35;27/06/2022 17:28
AZU;SBEG;SWPI;118;;
AZU;SBEG;SWPI;118;;
AZU;SBEG;SWPI;118;28/06/2022 15:16;28/06/2022 16:23
AZU;SBEG;SWPI;118;28/06/2022 07:52;28/06/2022 08:43
AZU;SBEG;SWPI;118;28/06/2022 11:38;28/06/2022 12:34
AZU;SBEG;SWPI;118;28/06/2022 14:23;28/06/2022 15:14
AZU;SBEG;SWPI;118;29/06/2022 13:17;29/06/2022 14:17
AZU;SBEG;SWPI;118;30/06/2022 15:30;30/06/2022 16:20
AZU;SBEG;SWPI;118;01/07/2022 12:51;01/07/2022 13:38
AZU;SBEG;SWPI;118;03/07/2022 12:47;03/07/2022 13:45
AZU;SBEG;SWPI;118;04/07/2022 12:41;04/07/2022 13:32
AZU;SBEG;SWPI;118;05/07/2022 14:37;05/07/2022 15:30
AZU;SBEG;SWPI;118;06/07/2022 12:52;06/07/2022 13:42
AZU;SBEG;SWPI;118;07/07/2022 14:36;07/07/2022 15:26
AZU;SBEG;SWPI;118;08/07/2022 12:40;08/07/2022 13:32
AZU;SBEG;SWPI;118;10/07/2022 12:43;10/07/2022 13:44
AZU;SBEG;SWPI;118;11/07/2022 12:48;11/07/2022 13:47
AZU;SBEG;SWPI;118;12/07/2022 14:40;12/07/2022 15:35
AZU;SBEG;SWPI;118;13/07/2022 12:45;13/07/2022 13:38
AZU;SBEG;SWPI;118;14/07/2022 14:31;14/07/2022 15:23
AZU;SBEG;SWPI;118;15/07/2022 12:49;15/07/2022 13:42
AZU;SBEG;SWPI;118;17/07/2022 12:43;17/07/2022 13:40
AZU;SBEG;SWPI;118;18/07/2022 12:43;18/07/2022 13:35
AZU;SBEG;SWPI;118;19/07/2022 14:56;19/07/2022 15:50
AZU;SBEG;SWPI;118;20/07/2022 12:36;20/07/2022 13:32
AZU;SBEG;SWPI;118;21/07/2022 14:37;21/07/2022 15:31
AZU;SBEG;SWPI;118;22/07/2022 12:40;22/07/2022 14:02
AZU;SBEG;SWPI;118;24/07/2022 12:38;24/07/2022 13:31
AZU;SBEG;SWPI;118;25/07/2022 12:58;25/07/2022 13:52
AZU;SBEG;SWPI;118;26/07/2022 14:40;26/07/2022 15:35
AZU;SBEG;SWPI;118;27/07/2022 12:39;27/07/2022 13:30
AZU;SBEG;SWPI;118;28/07/2022 14:42;28/07/2022 15:33
AZU;SBEG;SWPI;118;29/07/2022 12:51;29/07/2022 13:42
AZU;SBEG;SWPI;118;31/07/2022 13:26;31/07/2022 14:17
AZU;SBEG;SWPI;118;01/08/2022 12:37;01/08/2022 13:31
AZU;SBEG;SWPI;118;02/08/2022 14:32;02/08/2022 15:26
AZU;SBEG;SWPI;118;03/08/2022 12:49;03/08/2022 13:43
AZU;SBEG;SWPI;118;04/08/2022 14:42;04/08/2022 15:38
AZU;SBEG;SWPI;118;05/08/2022 12:59;05/08/2022 13:53
AZU;SBEG;SWPI;118;07/08/2022 12:34;07/08/2022 13:24
AZU;SBEG;SWPI;118;08/08/2022 12:47;08/08/2022 13:40
AZU;SBEG;SWPI;118;09/08/2022 14:24;09/08/2022 15:24
AZU;SBEG;SWPI;118;10/08/2022 12:46;10/08/2022 13:40
AZU;SBEG;SWPI;118;11/08/2022 14:43;11/08/2022 15:38
AZU;SBEG;SWPI;118;12/08/2022 12:46;12/08/2022 13:39
AZU;SBEG;SWPI;118;14/08/2022 13:20;14/08/2022 14:16
AZU;SBEG;SWPI;118;15/08/2022 12:42;15/08/2022 13:45
AZU;SBEG;SWPI;118;16/08/2022 14:32;16/08/2022 15:22
AZU;SBEG;SWPI;118;17/08/2022 12:44;17/08/2022 13:35
AZU;SBEG;SWPI;118;18/08/2022 14:37;18/08/2022 15:31
AZU;SBEG;SWPI;118;19/08/2022 12:47;19/08/2022 13:38
AZU;SBEG;SWPI;118;21/08/2022 13:07;21/08/2022 13:55
AZU;SBEG;SWPI;118;22/08/2022 12:55;22/08/2022 13:52
AZU;SBEG;SWPI;118;23/08/2022 15:14;23/08/2022 16:10
AZU;SBEG;SWPI;118;24/08/2022 12:46;24/08/2022 13:40
AZU;SBEG;SWPI;118;25/08/2022 14:33;25/08/2022 15:27
AZU;SBEG;SWPI;118;26/08/2022 12:45;26/08/2022 13:38
AZU;SBEG;SWPI;118;28/08/2022 12:52;28/08/2022 13:44
AZU;SBEG;SWPI;118;29/08/2022 12:40;29/08/2022 13:31
AZU;SBEG;SWPI;118;30/08/2022 14:25;30/08/2022 15:12
AZU;SBEG;SWPI;118;31/08/2022 12:44;31/08/2022 13:38
AZU;SBEG;SWPI;118;01/09/2022 14:40;01/09/2022 15:35
AZU;SBEG;SWPI;118;02/09/2022 13:06;02/09/2022 14:00
AZU;SBEG;SWPI;118;03/09/2022 12:58;03/09/2022 13:49
AZU;SBEG;SWPI;118;05/09/2022 12:47;05/09/2022 13:39
AZU;SBEG;SWPI;118;07/09/2022 12:37;07/09/2022 13:31
AZU;SBEG;SWPI;118;09/09/2022 12:40;09/09/2022 13:36
AZU;SBEG;SWPI;118;11/09/2022 12:45;11/09/2022 13:43
AZU;SBEG;SWPI;118;12/09/2022 12:50;12/09/2022 13:48
AZU;SBEG;SWPI;118;14/09/2022 12:44;14/09/2022 13:41
AZU;SBEG;SWPI;118;16/09/2022 12:48;16/09/2022 13:39
AZU;SBEG;SWPI;118;18/09/2022 12:45;18/09/2022 13:41
AZU;SBEG;SWPI;118;19/09/2022 12:45;19/09/2022 13:39
AZU;SBEG;SWPI;118;21/09/2022 12:43;21/09/2022 13:37
AZU;SBEG;SWPI;118;23/09/2022 12:58;23/09/2022 13:51
AZU;SBEG;SWPI;118;25/09/2022 12:41;25/09/2022 13:46
AZU;SBEG;SWPI;118;26/09/2022 12:45;26/09/2022 13:39
AZU;SBEG;SWPI;118;28/09/2022 12:44;28/09/2022 13:41
AZU;SBEG;SWPI;118;30/09/2022 12:50;30/09/2022 13:41
AZU;SBEG;SWPI;118;;
AZU;SBEG;SWPI;118;03/10/2022 13:16;03/10/2022 14:06
AZU;SBEG;SWPI;118;04/10/2022 13:09;04/10/2022 14:01
AZU;SBEG;SWPI;118;05/10/2022 12:42;05/10/2022 13:32
AZU;SBEG;SWPI;118;07/10/2022 13:28;07/10/2022 14:15
AZU;SBEG;SWPI;118;09/10/2022 12:51;09/10/2022 13:45
AZU;SBEG;SWPI;118;11/10/2022 13:19;11/10/2022 14:08
AZU;SBEG;SWPI;118;13/10/2022 12:40;13/10/2022 13:35
AZU;SBEG;SWPI;118;16/10/2022 12:44;16/10/2022 13:38
AZU;SBEG;SWPI;118;17/10/2022 12:43;17/10/2022 13:41
AZU;SBEG;SWPI;118;18/10/2022 13:10;18/10/2022 14:04
AZU;SBEG;SWPI;118;19/10/2022 12:50;19/10/2022 13:45
AZU;SBEG;SWPI;118;20/10/2022 13:06;20/10/2022 13:58
AZU;SBEG;SWPI;118;21/10/2022 12:45;21/10/2022 13:35
AZU;SBEG;SWPI;118;23/10/2022 12:43;23/10/2022 13:31
AZU;SBEG;SWPI;118;24/10/2022 12:42;24/10/2022 13:34
AZU;SBEG;SWPI;118;25/10/2022 13:39;25/10/2022 14:31
AZU;SBEG;SWPI;118;26/10/2022 12:44;26/10/2022 13:40
AZU;SBEG;SWPI;118;27/10/2022 13:03;27/10/2022 13:55
AZU;SBEG;SWPI;118;28/10/2022 12:49;28/10/2022 13:39
AZU;SBEG;SWPI;118;;
AZU;SBEG;SWPI;118;31/10/2022 12:57;31/10/2022 13:51
AZU;SBEG;SWPI;118;01/11/2022 13:13;01/11/2022 14:06
AZU;SBEG;SWPI;118;03/11/2022 13:18;03/11/2022 14:19
AZU;SBEG;SWPI;118;04/11/2022 14:28;04/11/2022 15:23
AZU;SBEG;SWPI;118;06/11/2022 12:42;06/11/2022 13:37
AZU;SBEG;SWPI;118;07/11/2022 12:46;07/11/2022 13:37
AZU;SBEG;SWPI;118;08/11/2022 13:26;08/11/2022 14:18
AZU;SBEG;SWPI;118;09/11/2022 12:48;09/11/2022 13:42
AZU;SBEG;SWPI;118;10/11/2022 13:12;10/11/2022 14:03
AZU;SBEG;SWPI;118;11/11/2022 12:33;11/11/2022 13:26
AZU;SBEG;SWPI;118;15/11/2022 13:11;15/11/2022 14:04
AZU;SBEG;SWPI;118;16/11/2022 12:40;16/11/2022 13:33
AZU;SBEG;SWPI;118;17/11/2022 13:16;17/11/2022 14:09
AZU;SBEG;SWPI;118;18/11/2022 12:43;18/11/2022 13:38
AZU;SBEG;SWPI;118;20/11/2022 12:42;20/11/2022 13:32
AZU;SBEG;SWPI;118;21/11/2022 12:41;21/11/2022 13:32
AZU;SBEG;SWPI;118;22/11/2022 13:26;22/11/2022 14:19
AZU;SBEG;SWPI;118;23/11/2022 12:42;23/11/2022 13:33
AZU;SBEG;SWPI;118;24/11/2022 13:16;24/11/2022 14:06
AZU;SBEG;SWPI;118;25/11/2022 13:00;25/11/2022 13:52
AZU;SBEG;SWPI;118;27/11/2022 12:44;27/11/2022 13:39
AZU;SBEG;SWPI;118;28/11/2022 12:44;28/11/2022 13:34
AZU;SBEG;SWPI;118;29/11/2022 13:24;29/11/2022 14:10
AZU;SBEG;SWPI;118;30/11/2022 12:38;30/11/2022 13:31
AZU;SBEG;SWPI;118;01/12/2022 13:17;01/12/2022 14:03
AZU;SBEG;SWPI;118;02/12/2022 13:08;02/12/2022 14:05
AZU;SBEG;SWPI;118;;
AZU;SBEG;SWPI;118;05/12/2022 12:54;05/12/2022 13:45
AZU;SBEG;SWPI;118;06/12/2022 13:22;06/12/2022 14:18
AZU;SBEG;SWPI;118;07/12/2022 12:44;07/12/2022 13:37
AZU;SBEG;SWPI;118;08/12/2022 13:14;08/12/2022 14:05
AZU;SBEG;SWPI;118;09/12/2022 12:57;09/12/2022 13:51
AZU;SBEG;SWPI;118;11/12/2022 12:43;11/12/2022 13:41
AZU;SBEG;SWPI;118;12/12/2022 12:44;12/12/2022 13:46
AZU;SBEG;SWPI;118;13/12/2022 13:13;13/12/2022 14:11
AZU;SBEG;SWPI;118;14/12/2022 12:44;14/12/2022 13:35
AZU;SBEG;SWPI;118;15/12/2022 13:14;15/12/2022 14:06
AZU;SBEG;SWPI;118;16/12/2022 13:31;16/12/2022 14:24
AZU;SBEG;SWPI;0;16/12/2022 22:35;16/12/2022 23:28
AZU;SBEG;SWPI;118;18/12/2022 13:01;18/12/2022 13:55
AZU;SBEG;SWPI;118;19/12/2022 12:50;19/12/2022 13:44
AZU;SBEG;SWPI;118;20/12/2022 13:18;20/12/2022 14:08
AZU;SBEG;SWPI;118;21/12/2022 12:53;21/12/2022 13:48
AZU;SBEG;SWPI;118;22/12/2022 13:31;22/12/2022 14:21
AZU;SBEG;SWPI;118;23/12/2022 12:53;23/12/2022 13:44
AZU;SBEG;SWPI;118;26/12/2022 12:53;26/12/2022 13:51
AZU;SBEG;SWPI;118;27/12/2022 13:25;27/12/2022 14:17
AZU;SBEG;SWPI;118;28/12/2022 12:55;28/12/2022 13:47
AZU;SBEG;SWPI;118;30/12/2022 12:43;30/12/2022 13:33
PAM;SBEG;SWPI;68;03/01/2022 21:29;03/01/2022 22:48
PAM;SBEG;SWPI;68;04/01/2022 19:04;04/01/2022 20:11
PAM;SBEG;SWPI;68;07/01/2022 22:12;07/01/2022 23:15
PAM;SBEG;SWPI;68;10/01/2022 19:14;10/01/2022 20:16
PAM;SBEG;SWPI;68;11/01/2022 19:12;11/01/2022 20:14
PAM;SBEG;SWPI;68;14/01/2022 23:08;15/01/2022 00:16
PAM;SBEG;SWPI;68;17/01/2022 21:52;17/01/2022 23:10
PAM;SBEG;SWPI;68;18/01/2022 19:10;18/01/2022 20:15
PAM;SBEG;SWPI;68;21/01/2022 22:22;21/01/2022 23:26
PAM;SBEG;SWPI;70;23/01/2022 18:27;23/01/2022 19:32
PAM;SBEG;SWPI;68;24/01/2022 19:05;24/01/2022 20:13
PAM;SBEG;SWPI;68;25/01/2022 19:04;25/01/2022 20:17
PAM;SBEG;SWPI;68;28/01/2022 20:43;28/01/2022 21:49
PAM;SBEG;SWPI;70;30/01/2022 19:04;30/01/2022 20:07
PAM;SBEG;SWPI;68;31/01/2022 20:27;31/01/2022 21:37
PAM;SBEG;SWPI;47;01/02/2022 19:27;01/02/2022 20:40
PAM;SBEG;SWPI;70;;
PAM;SBEG;SWPI;70;04/02/2022 20:29;04/02/2022 21:50
PAM;SBEG;SWPI;70;06/02/2022 18:49;06/02/2022 20:03
PAM;SBEG;SWPI;70;10/02/2022 23:05;11/02/2022 00:15
PAM;SBEG;SWPI;70;;
PAM;SBEG;SWPI;72;12/02/2022 13:31;12/02/2022 14:45
PAM;SBEG;SWPI;70;13/02/2022 18:28;13/02/2022 19:36
PAM;SBEG;SWPI;47;;
PAM;SBEG;SWPI;47;;
PAM;SBEG;SWPI;70;17/02/2022 18:37;17/02/2022 19:48
PAM;SBEG;SWPI;70;18/02/2022 10:10;18/02/2022 11:26
PAM;SBEG;SWPI;70;20/02/2022 18:37;20/02/2022 19:45
PAM;SBEG;SWPI;47;22/02/2022 19:04;22/02/2022 20:15
PAM;SBEG;SWPI;70;24/02/2022 15:08;24/02/2022 16:17
PAM;SBEG;SWPI;70;25/02/2022 10:08;25/02/2022 11:28
PAM;SBEG;SWPI;70;27/02/2022 14:49;27/02/2022 16:00
PAM;SBEG;SWPI;47;;
PAM;SBEG;SWPI;47;01/03/2022 16:13;01/03/2022 17:27
PAM;SBEG;SWPI;70;06/03/2022 14:46;06/03/2022 15:52
PAM;SBEG;SWPI;47;07/03/2022 16:03;07/03/2022 17:10
PAM;SBEG;SWPI;47;08/03/2022 16:13;08/03/2022 17:22
PAM;SBEG;SWPI;70;10/03/2022 14:55;10/03/2022 16:01
PAM;SBEG;SWPI;68;11/03/2022 15:58;11/03/2022 17:12
PAM;SBEG;SWPI;70;13/03/2022 14:48;13/03/2022 16:04
PAM;SBEG;SWPI;70;14/03/2022 14:58;14/03/2022 16:10
PAM;SBEG;SWPI;68;15/03/2022 16:00;15/03/2022 17:09
PAM;SBEG;SWPI;70;;
PAM;SBEG;SWPI;70;;
PAM;SBEG;SWPI;68;18/03/2022 13:40;18/03/2022 15:00
PAM;SBEG;SWPI;70;20/03/2022 15:01;20/03/2022 16:07
PAM;SBEG;SWPI;68;;
PAM;SBEG;SWPI;68;;
PAM;SBEG;SWPI;68;22/03/2022 16:35;22/03/2022 17:51
PAM;SBEG;SWPI;47;22/03/2022 12:09;22/03/2022 13:18
PAM;SBEG;SWPI;70;24/03/2022 14:49;24/03/2022 16:00
PAM;SBEG;SWPI;68;25/03/2022 15:30;25/03/2022 16:42
PAM;SBEG;SWPI;68;28/03/2022 13:02;28/03/2022 14:14
PAM;SBEG;SWPI;68;29/03/2022 15:56;29/03/2022 17:08
PAM;SBEG;SWPI;68;01/04/2022 15:08;01/04/2022 16:19
PAM;SBEG;SWPI;68;;
PAM;SBEG;SWPI;68;;
PAM;SBEG;SWPI;72;06/04/2022 09:17;06/04/2022 10:35
PAM;SBEG;SWPI;47;07/04/2022 15:02;07/04/2022 16:12
PAM;SBEG;SWPI;68;08/04/2022 15:22;08/04/2022 16:34
PAM;SBEG;SWPI;47;10/04/2022 15:30;10/04/2022 16:36
PAM;SBEG;SWPI;68;11/04/2022 13:37;11/04/2022 14:46
PAM;SBEG;SWPI;68;12/04/2022 16:35;12/04/2022 17:55
PAM;SBEG;SWPI;72;14/04/2022 07:30;14/04/2022 08:49
PAM;SBEG;SWPI;68;15/04/2022 08:20;15/04/2022 09:40
PAM;SBEG;SWPI;72;17/04/2022 07:28;17/04/2022 08:36
PAM;SBEG;SWPI;68;18/04/2022 08:21;18/04/2022 09:33
PAM;SBEG;SWPI;68;19/04/2022 08:04;19/04/2022 09:13
PAM;SBEG;SWPI;68;;
PAM;SBEG;SWPI;72;23/04/2022 15:52;23/04/2022 17:02
PAM;SBEG;SWPI;72;24/04/2022 07:32;24/04/2022 08:44
PAM;SBEG;SWPI;68;;
PAM;SBEG;SWPI;68;;
PAM;SBEG;SWPI;47;27/04/2022 09:19;27/04/2022 10:30
PAM;SBEG;SWPI;72;28/04/2022 07:45;28/04/2022 08:56
PAM;SBEG;SWPI;68;29/04/2022 08:27;29/04/2022 09:49
PAM;SBEG;SWPI;68;01/05/2022 14:12;01/05/2022 15:26
PAM;SBEG;SWPI;72;02/05/2022 08:32;02/05/2022 09:53
PAM;SBEG;SWPI;68;03/05/2022 08:03;03/05/2022 09:20
PAM;SBEG;SWPI;68;05/05/2022 09:37;05/05/2022 10:49
PAM;SBEG;SWPI;68;06/05/2022 08:17;06/05/2022 09:34
PAM;SBEG;SWPI;68;08/05/2022 07:50;08/05/2022 09:04
PAM;SBEG;SWPI;72;09/05/2022 08:04;09/05/2022 09:13
PAM;SBEG;SWPI;68;;
PAM;SBEG;SWPI;68;12/05/2022 07:34;12/05/2022 08:46
PAM;SBEG;SWPI;68;13/05/2022 08:14;13/05/2022 09:26
PAM;SBEG;SWPI;68;15/05/2022 07:38;15/05/2022 08:50
PAM;SBEG;SWPI;72;16/05/2022 08:00;16/05/2022 09:18
PAM;SBEG;SWPI;68;17/05/2022 07:58;17/05/2022 09:07
PAM;SBEG;SWPI;68;19/05/2022 08:46;19/05/2022 10:00
PAM;SBEG;SWPI;68;;
PAM;SBEG;SWPI;68;22/05/2022 07:29;22/05/2022 08:40
PAM;SBEG;SWPI;72;23/05/2022 09:22;23/05/2022 10:35
PAM;SBEG;SWPI;68;24/05/2022 07:58;24/05/2022 09:08
PAM;SBEG;SWPI;68;26/05/2022 07:32;26/05/2022 08:41
PAM;SBEG;SWPI;68;27/05/2022 08:15;27/05/2022 09:26
PAM;SBEG;SWPI;68;29/05/2022 07:29;29/05/2022 08:42
PAM;SBEG;SWPI;72;30/05/2022 08:01;30/05/2022 09:13
PAM;SBEG;SWPI;68;31/05/2022 08:07;31/05/2022 09:23
PAM;SBEG;SWPI;68;;
PAM;SBEG;SWPI;68;03/06/2022 08:14;03/06/2022 09:22
PAM;SBEG;SWPI;68;05/06/2022 07:43;05/06/2022 09:01
PAM;SBEG;SWPI;68;06/06/2022 10:33;06/06/2022 11:49
PAM;SBEG;SWPI;68;;
PAM;SBEG;SWPI;68;;
PAM;SBEG;SWPI;68;;
PAM;SBEG;SWPI;47;13/06/2022 08:48;13/06/2022 09:55
PAM;SBEG;SWPI;68;14/06/2022 08:05;14/06/2022 09:17
PAM;SBEG;SWPI;72;16/06/2022 07:29;16/06/2022 08:48
PAM;SBEG;SWPI;68;;
PAM;SBEG;SWPI;68;19/06/2022 20:43;19/06/2022 21:51
PAM;SBEG;SWPI;47;19/06/2022 17:46;19/06/2022 18:54
PAM;SBEG;SWPI;68;20/06/2022 20:37;20/06/2022 21:53
PAM;SBEG;SWPI;68;21/06/2022 22:00;21/06/2022 23:12
PAM;SBEG;SWPI;47;21/06/2022 08:35;21/06/2022 09:42
PAM;SBEG;SWPI;68;22/06/2022 15:51;22/06/2022 17:08
PAM;SBEG;SWPI;72;22/06/2022 20:20;22/06/2022 21:31
PAM;SBEG;SWPI;68;22/06/2022 12:51;22/06/2022 14:09
PAM;SBEG;SWPI;68;22/06/2022 20:28;22/06/2022 21:40
PAM;SBEG;SWPI;68;23/06/2022 14:56;23/06/2022 16:13
PAM;SBEG;SWPI;72;23/06/2022 08:04;23/06/2022 09:20
PAM;SBEG;SWPI;47;23/06/2022 17:08;23/06/2022 18:19
PAM;SBEG;SWPI;47;23/06/2022 20:36;23/06/2022 21:45
PAM;SBEG;SWPI;47;;
PAM;SBEG;SWPI;47;23/06/2022 11:32;23/06/2022 12:55
PAM;SBEG;SWPI;47;;
PAM;SBEG;SWPI;68;23/06/2022 18:13;23/06/2022 19:27
PAM;SBEG;SWPI;68;24/06/2022 19:34;24/06/2022 21:04
PAM;SBEG;SWPI;47;24/06/2022 00:06;24/06/2022 01:15
PAM;SBEG;SWPI;47;24/06/2022 22:02;24/06/2022 23:13
PAM;SBEG;SWPI;47;24/06/2022 07:54;24/06/2022 09:03
PAM;SBEG;SWPI;47;;
PAM;SBEG;SWPI;47;24/06/2022 11:10;24/06/2022 12:26
PAM;SBEG;SWPI;68;24/06/2022 08:33;24/06/2022 09:48
PAM;SBEG;SWPI;68;24/06/2022 11:55;24/06/2022 13:11
PAM;SBEG;SWPI;47;24/06/2022 18:11;24/06/2022 19:27
PAM;SBEG;SWPI;68;25/06/2022 07:53;25/06/2022 09:05
PAM;SBEG;SWPI;68;25/06/2022 11:21;25/06/2022 12:33
PAM;SBEG;SWPI;68;;
PAM;SBEG;SWPI;68;;
PAM;SBEG;SWPI;68;26/06/2022 21:40;26/06/2022 22:52
PAM;SBEG;SWPI;72;26/06/2022 10:52;26/06/2022 12:06
PAM;SBEG;SWPI;72;26/06/2022 14:17;26/06/2022 15:28
PAM;SBEG;SWPI;47;26/06/2022 16:29;26/06/2022 17:40
PAM;SBEG;SWPI;68;26/06/2022 17:46;26/06/2022 19:10
PAM;SBEG;SWPI;47;27/06/2022 21:15;27/06/2022 22:31
PAM;SBEG;SWPI;72;28/06/2022 02:09;28/06/2022 03:16
PAM;SBEG;SWPI;47;28/06/2022 01:20;28/06/2022 02:27
PAM;SBEG;SWPI;68;27/06/2022 10:12;27/06/2022 11:20
PAM;SBEG;SWPI;68;27/06/2022 13:44;27/06/2022 14:52
PAM;SBEG;SWPI;68;27/06/2022 17:27;27/06/2022 18:45
PAM;SBEG;SWPI;47;27/06/2022 21:42;27/06/2022 22:49
PAM;SBEG;SWPI;47;27/06/2022 10:00;27/06/2022 11:09
PAM;SBEG;SWPI;68;28/06/2022 21:15;28/06/2022 22:24
PAM;SBEG;SWPI;47;28/06/2022 08:15;28/06/2022 09:23
PAM;SBEG;SWPI;47;28/06/2022 11:14;28/06/2022 12:28
PAM;SBEG;SWPI;47;28/06/2022 14:56;28/06/2022 16:04
PAM;SBEG;SWPI;47;28/06/2022 17:59;28/06/2022 19:04
PAM;SBEG;SWPI;68;;
PAM;SBEG;SWPI;47;30/06/2022 13:36;30/06/2022 14:49
PAM;SBEG;SWPI;47;02/07/2022 12:24;02/07/2022 13:34
PAM;SBEG;SWPI;47;03/07/2022 15:45;03/07/2022 16:53
PAM;SBEG;SWPI;47;05/07/2022 08:26;05/07/2022 09:38
PAM;SBEG;SWPI;47;07/07/2022 12:05;07/07/2022 13:19
PAM;SBEG;SWPI;47;07/07/2022 08:21;07/07/2022 09:10
PAM;SBEG;SWPI;47;09/07/2022 12:41;09/07/2022 13:51
PAM;SBEG;SWPI;47;;
PAM;SBEG;SWPI;47;12/07/2022 08:28;12/07/2022 09:38
PAM;SBEG;SWPI;47;14/07/2022 08:21;14/07/2022 09:32
PAM;SBEG;SWPI;47;16/07/2022 12:29;16/07/2022 13:40
PAM;SBEG;SWPI;47;17/07/2022 15:42;17/07/2022 16:48
PAM;SBEG;SWPI;47;19/07/2022 08:30;19/07/2022 09:35
PAM;SBEG;SWPI;47;21/07/2022 08:26;21/07/2022 09:43
PAM;SBEG;SWPI;47;23/07/2022 12:46;23/07/2022 13:57
PAM;SBEG;SWPI;47;26/07/2022 08:29;26/07/2022 09:40
PAM;SBEG;SWPI;47;28/07/2022 08:37;28/07/2022 09:46
PAM;SBEG;SWPI;47;30/07/2022 12:29;30/07/2022 13:39
PAM;SBEG;SWPI;47;31/07/2022 15:42;31/07/2022 16:54
PAM;SBEG;SWPI;47;02/08/2022 12:16;02/08/2022 13:28
PAM;SBEG;SWPI;47;04/08/2022 12:10;04/08/2022 13:23
PAM;SBEG;SWPI;47;06/08/2022 12:40;06/08/2022 13:54
PAM;SBEG;SWPI;47;07/08/2022 16:00;07/08/2022 17:12
PAM;SBEG;SWPI;47;;
PAM;SBEG;SWPI;47;13/08/2022 12:30;13/08/2022 13:44
PAM;SBEG;SWPI;47;;
PAM;SBEG;SWPI;47;16/08/2022 12:29;16/08/2022 13:43
PAM;SBEG;SWPI;47;;
PAM;SBEG;SWPI;47;20/08/2022 13:55;20/08/2022 15:15
PAM;SBEG;SWPI;47;21/08/2022 15:42;21/08/2022 16:42
PAM;SBEG;SWPI;47;;
PAM;SBEG;SWPI;47;27/08/2022 12:22;27/08/2022 13:25
PAM;SBEG;SWPI;47;28/08/2022 15:45;28/08/2022 16:56
PAM;SBEG;SWPI;47;;
PAM;SBEG;SWPI;47;01/09/2022 12:19;01/09/2022 13:26
PAM;SBEG;SWPI;47;03/09/2022 12:22;03/09/2022 13:25
PAM;SBEG;SWPI;47;04/09/2022 15:48;04/09/2022 16:52
PAM;SBEG;SWPI;47;08/09/2022 13:04;08/09/2022 14:10
PAM;SBEG;SWPI;47;;
PAM;SBEG;SWPI;47;;
PAM;SBEG;SWPI;47;;
PAM;SBEG;SWPI;47;;
PAM;SBEG;SWPI;47;;
PAM;SBEG;SWPI;47;;
PAM;SBEG;SWPI;47;22/09/2022 12:23;22/09/2022 13:34
PAM;SBEG;SWPI;47;;
PAM;SBEG;SWPI;47;;
PAM;SBEG;SWPI;47;;
PAM;SBEG;SWPI;47;29/09/2022 12:29;29/09/2022 13:38
PAM;SBEG;SWPI;47;06/10/2022 12:12;06/10/2022 13:22
PAM;SBEG;SWPI;47;;
PAM;SBEG;SWPI;47;;
PAM;SBEG;SWPI;47;;
PAM;SBEG;SWPI;47;;
PAM;SBEG;SWPI;47;20/10/2022 12:16;20/10/2022 13:27
PAM;SBEG;SWPI;47;;
PAM;SBEG;SWPI;47;;
PAM;SBEG;SWPI;47;;
PAM;SBEG;SWPI;47;;
PAM;SBEG;SWPI;47;;
PAM;SBEG;SWPI;47;;
PAM;SBEG;SWPI;47;;
PAM;SBEG;SWPI;47;;
PAM;SBEG;SWPI;47;17/11/2022 12:09;17/11/2022 13:16
PAM;SBEG;SWPI;47;;
PAM;SBEG;SWPI;47;;
PAM;SBEG;SWPI;47;;
PAM;SBEG;SWPI;47;01/12/2022 11:56;01/12/2022 13:07
PAM;SBEG;SWPI;47;06/12/2022 12:07;06/12/2022 13:11
PAM;SBEG;SWPI;47;;
PAM;SBEG;SWPI;47;;
PAM;SBEG;SWPI;47;20/12/2022 12:35;20/12/2022 13:50
PAM;SBEG;SWPI;47;27/12/2022 12:45;27/12/2022 13:55
PAM;SBEG;SWPI;47;;
TTL;SBEG;SWPI;47;;
TTL;SBEG;SWPI;47;;
TTL;SBEG;SWPI;47;;
TTL;SBEG;SWPI;47;;
TTL;SBEG;SWPI;47;;
TTL;SBEG;SWPI;47;;
TTL;SBEG;SWPI;47;;
TTL;SBEG;SWPI;48;26/06/2022 21:01;26/06/2022 22:11
TTL;SBEG;SWPI;47;;
TTL;SBEG;SWPI;47;;
TTL;SBEG;SWPI;48;26/06/2022 17:27;26/06/2022 18:30
TTL;SBEG;SWPI;48;27/06/2022 16:52;27/06/2022 18:05
TTL;SBEG;SWPI;47;;
TTL;SBEG;SWPI;47;;
TTL;SBEG;SWPI;47;;
TTL;SBEG;SWPI;48;28/06/2022 16:33;28/06/2022 17:43
TTL;SBEG;SWPI;47;;
TTL;SBEG;SWPI;48;29/06/2022 14:05;29/06/2022 15:17
AZU;SWPI;SBEG;118;02/01/2022 14:47;02/01/2022 15:36
AZU;SWPI;SBEG;118;03/01/2022 14:28;03/01/2022 15:15
AZU;SWPI;SBEG;118;05/01/2022 14:24;05/01/2022 15:15
AZU;SWPI;SBEG;118;07/01/2022 14:27;07/01/2022 15:19
AZU;SWPI;SBEG;118;09/01/2022 14:24;09/01/2022 15:12
AZU;SWPI;SBEG;118;10/01/2022 14:45;10/01/2022 15:31
AZU;SWPI;SBEG;118;12/01/2022 14:29;12/01/2022 15:28
AZU;SWPI;SBEG;118;14/01/2022 14:19;14/01/2022 15:07
AZU;SWPI;SBEG;118;16/01/2022 14:46;16/01/2022 15:34
AZU;SWPI;SBEG;118;19/01/2022 14:23;19/01/2022 15:14
AZU;SWPI;SBEG;118;21/01/2022 14:49;21/01/2022 15:39
AZU;SWPI;SBEG;118;23/01/2022 14:24;23/01/2022 15:12
AZU;SWPI;SBEG;118;24/01/2022 14:18;24/01/2022 15:08
AZU;SWPI;SBEG;118;26/01/2022 14:17;26/01/2022 15:17
AZU;SWPI;SBEG;118;28/01/2022 14:17;28/01/2022 15:12
AZU;SWPI;SBEG;118;30/01/2022 14:20;30/01/2022 15:09
AZU;SWPI;SBEG;118;31/01/2022 14:20;31/01/2022 15:11
AZU;SWPI;SBEG;118;02/02/2022 17:35;02/02/2022 18:23
AZU;SWPI;SBEG;118;04/02/2022 14:37;04/02/2022 15:35
AZU;SWPI;SBEG;118;06/02/2022 14:25;06/02/2022 15:14
AZU;SWPI;SBEG;118;07/02/2022 14:18;07/02/2022 15:07
AZU;SWPI;SBEG;118;09/02/2022 14:28;09/02/2022 15:24
AZU;SWPI;SBEG;118;;
AZU;SWPI;SBEG;118;12/02/2022 18:32;12/02/2022 19:27
AZU;SWPI;SBEG;118;13/02/2022 14:22;13/02/2022 15:10
AZU;SWPI;SBEG;118;14/02/2022 14:26;14/02/2022 15:16
AZU;SWPI;SBEG;118;16/02/2022 14:39;16/02/2022 15:26
AZU;SWPI;SBEG;118;18/02/2022 14:41;18/02/2022 15:35
AZU;SWPI;SBEG;118;20/02/2022 14:51;20/02/2022 15:41
AZU;SWPI;SBEG;118;21/02/2022 14:20;21/02/2022 15:09
AZU;SWPI;SBEG;118;23/02/2022 14:24;23/02/2022 15:17
AZU;SWPI;SBEG;118;25/02/2022 14:24;25/02/2022 15:15
AZU;SWPI;SBEG;118;27/02/2022 16:14;27/02/2022 17:07
AZU;SWPI;SBEG;118;02/03/2022 14:24;02/03/2022 15:24
AZU;SWPI;SBEG;118;04/03/2022 14:42;04/03/2022 15:34
AZU;SWPI;SBEG;118;06/03/2022 14:27;06/03/2022 15:16
AZU;SWPI;SBEG;118;07/03/2022 14:33;07/03/2022 15:33
AZU;SWPI;SBEG;118;09/03/2022 14:27;09/03/2022 15:17
AZU;SWPI;SBEG;118;11/03/2022 14:24;11/03/2022 15:14
AZU;SWPI;SBEG;118;13/03/2022 14:17;13/03/2022 15:21
AZU;SWPI;SBEG;118;14/03/2022 14:38;14/03/2022 15:33
AZU;SWPI;SBEG;118;16/03/2022 14:41;16/03/2022 15:31
AZU;SWPI;SBEG;118;18/03/2022 14:32;18/03/2022 15:22
AZU;SWPI;SBEG;118;20/03/2022 14:33;20/03/2022 15:28
AZU;SWPI;SBEG;118;21/03/2022 14:23;21/03/2022 15:53
AZU;SWPI;SBEG;118;23/03/2022 14:20;23/03/2022 15:09
AZU;SWPI;SBEG;118;25/03/2022 14:26;25/03/2022 15:19
AZU;SWPI;SBEG;118;27/03/2022 14:27;27/03/2022 15:19
AZU;SWPI;SBEG;118;28/03/2022 14:18;28/03/2022 15:09
AZU;SWPI;SBEG;118;30/03/2022 14:25;30/03/2022 15:13
AZU;SWPI;SBEG;118;01/04/2022 14:24;01/04/2022 15:11
AZU;SWPI;SBEG;118;03/04/2022 14:29;03/04/2022 15:22
AZU;SWPI;SBEG;118;04/04/2022 14:23;04/04/2022 15:12
AZU;SWPI;SBEG;118;06/04/2022 14:28;06/04/2022 15:17
AZU;SWPI;SBEG;118;08/04/2022 15:12;08/04/2022 16:00
AZU;SWPI;SBEG;118;10/04/2022 18:40;10/04/2022 19:29
AZU;SWPI;SBEG;118;11/04/2022 14:26;11/04/2022 15:16
AZU;SWPI;SBEG;118;13/04/2022 14:30;13/04/2022 15:27
AZU;SWPI;SBEG;118;17/04/2022 14:22;17/04/2022 15:09
AZU;SWPI;SBEG;118;18/04/2022 14:26;18/04/2022 15:13
AZU;SWPI;SBEG;118;20/04/2022 14:22;20/04/2022 15:15
AZU;SWPI;SBEG;118;24/04/2022 14:34;24/04/2022 15:22
AZU;SWPI;SBEG;118;25/04/2022 14:20;25/04/2022 15:13
AZU;SWPI;SBEG;118;27/04/2022 14:37;27/04/2022 15:23
AZU;SWPI;SBEG;118;29/04/2022 14:23;29/04/2022 15:11
AZU;SWPI;SBEG;118;01/05/2022 14:24;01/05/2022 15:11
AZU;SWPI;SBEG;118;02/05/2022 14:23;02/05/2022 15:10
AZU;SWPI;SBEG;118;03/05/2022 16:22;03/05/2022 17:14
AZU;SWPI;SBEG;118;04/05/2022 14:35;04/05/2022 15:24
AZU;SWPI;SBEG;118;;
AZU;SWPI;SBEG;118;06/05/2022 14:26;06/05/2022 15:13
AZU;SWPI;SBEG;118;06/05/2022 17:56;06/05/2022 18:50
AZU;SWPI;SBEG;118;07/05/2022 16:04;07/05/2022 16:50
AZU;SWPI;SBEG;118;08/05/2022 14:23;08/05/2022 15:12
AZU;SWPI;SBEG;118;09/05/2022 14:18;09/05/2022 15:07
AZU;SWPI;SBEG;118;;
AZU;SWPI;SBEG;118;11/05/2022 14:23;11/05/2022 15:10
AZU;SWPI;SBEG;118;12/05/2022 16:30;12/05/2022 17:18
AZU;SWPI;SBEG;118;13/05/2022 14:27;13/05/2022 15:15
AZU;SWPI;SBEG;118;14/05/2022 16:10;14/05/2022 17:02
AZU;SWPI;SBEG;118;15/05/2022 14:17;15/05/2022 15:06
AZU;SWPI;SBEG;118;16/05/2022 14:17;16/05/2022 15:05
AZU;SWPI;SBEG;118;17/05/2022 16:10;17/05/2022 17:01
AZU;SWPI;SBEG;118;18/05/2022 14:14;18/05/2022 15:00
AZU;SWPI;SBEG;118;19/05/2022 16:25;19/05/2022 17:12
AZU;SWPI;SBEG;118;20/05/2022 14:15;20/05/2022 15:08
AZU;SWPI;SBEG;118;21/05/2022 16:14;21/05/2022 17:10
AZU;SWPI;SBEG;118;22/05/2022 14:36;22/05/2022 15:39
AZU;SWPI;SBEG;118;23/05/2022 14:29;23/05/2022 15:13
AZU;SWPI;SBEG;118;24/05/2022 16:07;24/05/2022 16:59
AZU;SWPI;SBEG;118;25/05/2022 14:22;25/05/2022 15:11
AZU;SWPI;SBEG;118;26/05/2022 16:17;26/05/2022 17:09
AZU;SWPI;SBEG;118;27/05/2022 14:16;27/05/2022 15:10
AZU;SWPI;SBEG;118;28/05/2022 16:08;28/05/2022 16:59
AZU;SWPI;SBEG;118;29/05/2022 14:18;29/05/2022 15:06
AZU;SWPI;SBEG;118;30/05/2022 14:25;30/05/2022 15:12
AZU;SWPI;SBEG;118;31/05/2022 16:15;31/05/2022 17:07
AZU;SWPI;SBEG;118;01/06/2022 14:28;01/06/2022 15:13
AZU;SWPI;SBEG;118;02/06/2022 16:07;02/06/2022 16:58
AZU;SWPI;SBEG;118;03/06/2022 14:31;03/06/2022 15:18
AZU;SWPI;SBEG;118;04/06/2022 16:17;04/06/2022 17:01
AZU;SWPI;SBEG;118;05/06/2022 16:26;05/06/2022 17:14
AZU;SWPI;SBEG;118;;
AZU;SWPI;SBEG;118;07/06/2022 16:17;07/06/2022 17:09
AZU;SWPI;SBEG;118;07/06/2022 12:01;07/06/2022 12:50
AZU;SWPI;SBEG;118;08/06/2022 14:22;08/06/2022 15:11
AZU;SWPI;SBEG;118;09/06/2022 16:07;09/06/2022 16:55
AZU;SWPI;SBEG;118;10/06/2022 14:28;10/06/2022 15:19
AZU;SWPI;SBEG;118;;
AZU;SWPI;SBEG;118;12/06/2022 14:28;12/06/2022 15:21
AZU;SWPI;SBEG;118;13/06/2022 15:01;13/06/2022 15:49
AZU;SWPI;SBEG;118;14/06/2022 16:10;14/06/2022 17:00
AZU;SWPI;SBEG;118;15/06/2022 14:19;15/06/2022 15:07
AZU;SWPI;SBEG;118;16/06/2022 16:10;16/06/2022 17:01
AZU;SWPI;SBEG;118;17/06/2022 14:25;17/06/2022 15:13
AZU;SWPI;SBEG;118;18/06/2022 16:18;18/06/2022 17:08
AZU;SWPI;SBEG;118;19/06/2022 14:43;19/06/2022 15:41
AZU;SWPI;SBEG;118;20/06/2022 17:56;20/06/2022 18:47
AZU;SWPI;SBEG;118;21/06/2022 16:00;21/06/2022 16:49
AZU;SWPI;SBEG;118;21/06/2022 12:42;21/06/2022 13:36
AZU;SWPI;SBEG;118;21/06/2022 19:50;21/06/2022 20:42
AZU;SWPI;SBEG;118;22/06/2022 11:05;22/06/2022 11:54
AZU;SWPI;SBEG;118;22/06/2022 14:31;22/06/2022 15:17
AZU;SWPI;SBEG;118;22/06/2022 18:03;22/06/2022 18:53
AZU;SWPI;SBEG;118;23/06/2022 14:32;23/06/2022 15:24
AZU;SWPI;SBEG;118;23/06/2022 18:48;23/06/2022 19:35
AZU;SWPI;SBEG;118;23/06/2022 12:07;23/06/2022 12:55
AZU;SWPI;SBEG;118;23/06/2022 10:37;23/06/2022 11:23
AZU;SWPI;SBEG;118;23/06/2022 17:59;23/06/2022 18:46
AZU;SWPI;SBEG;118;23/06/2022 21:53;23/06/2022 22:41
AZU;SWPI;SBEG;118;24/06/2022 13:51;24/06/2022 14:36
AZU;SWPI;SBEG;118;24/06/2022 09:56;24/06/2022 10:45
AZU;SWPI;SBEG;118;24/06/2022 16:53;24/06/2022 17:37
AZU;SWPI;SBEG;118;24/06/2022 20:40;24/06/2022 21:29
AZU;SWPI;SBEG;118;24/06/2022 18:33;24/06/2022 19:24
AZU;SWPI;SBEG;118;24/06/2022 14:15;24/06/2022 15:03
AZU;SWPI;SBEG;118;25/06/2022 13:35;25/06/2022 14:19
AZU;SWPI;SBEG;118;25/06/2022 05:09;25/06/2022 05:58
AZU;SWPI;SBEG;118;25/06/2022 17:21;25/06/2022 18:08
AZU;SWPI;SBEG;118;25/06/2022 21:15;25/06/2022 22:04
AZU;SWPI;SBEG;118;26/06/2022 14:27;26/06/2022 15:15
AZU;SWPI;SBEG;118;26/06/2022 04:22;26/06/2022 05:09
AZU;SWPI;SBEG;118;26/06/2022 07:54;26/06/2022 08:41
AZU;SWPI;SBEG;118;26/06/2022 11:26;26/06/2022 12:20
AZU;SWPI;SBEG;118;26/06/2022 15:06;26/06/2022 15:52
AZU;SWPI;SBEG;118;26/06/2022 18:51;26/06/2022 19:39
AZU;SWPI;SBEG;118;26/06/2022 22:50;26/06/2022 23:41
AZU;SWPI;SBEG;118;27/06/2022 14:53;27/06/2022 15:40
AZU;SWPI;SBEG;118;27/06/2022 14:17;27/06/2022 15:04
AZU;SWPI;SBEG;118;;
AZU;SWPI;SBEG;118;27/06/2022 09:56;27/06/2022 10:51
AZU;SWPI;SBEG;118;27/06/2022 13:38;27/06/2022 14:25
AZU;SWPI;SBEG;118;27/06/2022 17:08;27/06/2022 17:57
AZU;SWPI;SBEG;118;27/06/2022 20:53;27/06/2022 21:39
AZU;SWPI;SBEG;118;27/06/2022 22:36;27/06/2022 23:24
AZU;SWPI;SBEG;118;27/06/2022 19:13;27/06/2022 20:00
AZU;SWPI;SBEG;118;27/06/2022 02:18;27/06/2022 03:02
AZU;SWPI;SBEG;118;28/06/2022 17:06;28/06/2022 17:52
AZU;SWPI;SBEG;118;28/06/2022 09:30;28/06/2022 10:15
AZU;SWPI;SBEG;118;28/06/2022 13:30;28/06/2022 14:28
AZU;SWPI;SBEG;118;28/06/2022 16:09;28/06/2022 16:55
AZU;SWPI;SBEG;118;;
AZU;SWPI;SBEG;118;29/06/2022 14:59;29/06/2022 15:48
AZU;SWPI;SBEG;118;30/06/2022 16:58;30/06/2022 17:51
AZU;SWPI;SBEG;118;01/07/2022 14:26;01/07/2022 15:12
AZU;SWPI;SBEG;118;03/07/2022 14:28;03/07/2022 15:20
AZU;SWPI;SBEG;118;04/07/2022 14:21;04/07/2022 15:05
AZU;SWPI;SBEG;118;05/07/2022 16:19;05/07/2022 17:07
AZU;SWPI;SBEG;118;06/07/2022 14:26;06/07/2022 15:15
AZU;SWPI;SBEG;118;07/07/2022 16:08;07/07/2022 16:56
AZU;SWPI;SBEG;118;08/07/2022 14:14;08/07/2022 14:59
AZU;SWPI;SBEG;118;10/07/2022 14:24;10/07/2022 15:19
AZU;SWPI;SBEG;118;11/07/2022 14:52;11/07/2022 15:39
AZU;SWPI;SBEG;118;12/07/2022 16:14;12/07/2022 17:00
AZU;SWPI;SBEG;118;13/07/2022 14:15;13/07/2022 15:01
AZU;SWPI;SBEG;118;14/07/2022 16:11;14/07/2022 16:59
AZU;SWPI;SBEG;118;15/07/2022 14:30;15/07/2022 15:21
AZU;SWPI;SBEG;118;17/07/2022 14:26;17/07/2022 15:15
AZU;SWPI;SBEG;118;18/07/2022 14:27;18/07/2022 15:14
AZU;SWPI;SBEG;118;19/07/2022 16:26;19/07/2022 17:16
AZU;SWPI;SBEG;118;20/07/2022 14:22;20/07/2022 15:15
AZU;SWPI;SBEG;118;21/07/2022 16:20;21/07/2022 17:11
AZU;SWPI;SBEG;118;22/07/2022 14:44;22/07/2022 15:32
AZU;SWPI;SBEG;118;24/07/2022 14:25;24/07/2022 15:14
AZU;SWPI;SBEG;118;25/07/2022 14:32;25/07/2022 15:24
AZU;SWPI;SBEG;118;26/07/2022 16:16;26/07/2022 17:09
AZU;SWPI;SBEG;118;27/07/2022 14:15;27/07/2022 15:03
AZU;SWPI;SBEG;118;28/07/2022 16:18;28/07/2022 17:05
AZU;SWPI;SBEG;118;29/07/2022 14:21;29/07/2022 15:11
AZU;SWPI;SBEG;118;31/07/2022 14:49;31/07/2022 15:36
AZU;SWPI;SBEG;118;01/08/2022 14:17;01/08/2022 15:05
AZU;SWPI;SBEG;118;02/08/2022 16:47;02/08/2022 17:38
AZU;SWPI;SBEG;118;03/08/2022 14:25;03/08/2022 15:14
AZU;SWPI;SBEG;118;04/08/2022 16:15;04/08/2022 17:02
AZU;SWPI;SBEG;118;05/08/2022 14:40;05/08/2022 15:28
AZU;SWPI;SBEG;118;07/08/2022 14:24;07/08/2022 15:22
AZU;SWPI;SBEG;118;08/08/2022 14:20;08/08/2022 15:08
AZU;SWPI;SBEG;118;09/08/2022 16:15;09/08/2022 17:07
AZU;SWPI;SBEG;118;10/08/2022 14:25;10/08/2022 15:11
AZU;SWPI;SBEG;118;11/08/2022 16:25;11/08/2022 17:16
AZU;SWPI;SBEG;118;12/08/2022 14:25;12/08/2022 15:17
AZU;SWPI;SBEG;118;14/08/2022 14:56;14/08/2022 15:56
AZU;SWPI;SBEG;118;15/08/2022 14:31;15/08/2022 15:35
AZU;SWPI;SBEG;118;16/08/2022 16:08;16/08/2022 16:50
AZU;SWPI;SBEG;118;17/08/2022 14:20;17/08/2022 15:11
AZU;SWPI;SBEG;118;18/08/2022 16:08;18/08/2022 17:06
AZU;SWPI;SBEG;118;19/08/2022 14:27;19/08/2022 15:19
AZU;SWPI;SBEG;118;21/08/2022 14:25;21/08/2022 15:14
AZU;SWPI;SBEG;118;22/08/2022 14:27;22/08/2022 15:25
AZU;SWPI;SBEG;118;23/08/2022 16:53;23/08/2022 17:42
AZU;SWPI;SBEG;118;24/08/2022 14:23;24/08/2022 15:08
AZU;SWPI;SBEG;118;25/08/2022 16:06;25/08/2022 16:57
AZU;SWPI;SBEG;118;26/08/2022 14:22;26/08/2022 15:13
AZU;SWPI;SBEG;118;28/08/2022 14:29;28/08/2022 15:17
AZU;SWPI;SBEG;118;29/08/2022 14:22;29/08/2022 15:08
AZU;SWPI;SBEG;118;30/08/2022 16:13;30/08/2022 17:00
AZU;SWPI;SBEG;118;31/08/2022 14:26;31/08/2022 15:18
AZU;SWPI;SBEG;118;01/09/2022 16:13;01/09/2022 17:01
AZU;SWPI;SBEG;118;02/09/2022 14:36;02/09/2022 15:28
AZU;SWPI;SBEG;118;03/09/2022 14:40;03/09/2022 15:28
AZU;SWPI;SBEG;118;05/09/2022 14:28;05/09/2022 15:24
AZU;SWPI;SBEG;118;07/09/2022 14:15;07/09/2022 15:07
AZU;SWPI;SBEG;118;09/09/2022 14:30;09/09/2022 15:23
AZU;SWPI;SBEG;118;11/09/2022 14:26;11/09/2022 15:13
AZU;SWPI;SBEG;118;12/09/2022 14:30;12/09/2022 15:17
AZU;SWPI;SBEG;118;14/09/2022 14:26;14/09/2022 15:11
AZU;SWPI;SBEG;118;16/09/2022 15:27;16/09/2022 16:11
AZU;SWPI;SBEG;118;18/09/2022 14:28;18/09/2022 15:30
AZU;SWPI;SBEG;118;19/09/2022 14:22;19/09/2022 15:16
AZU;SWPI;SBEG;118;21/09/2022 14:30;21/09/2022 15:19
AZU;SWPI;SBEG;118;23/09/2022 14:33;23/09/2022 15:21
AZU;SWPI;SBEG;118;25/09/2022 14:28;25/09/2022 15:19
AZU;SWPI;SBEG;118;26/09/2022 14:23;26/09/2022 15:14
AZU;SWPI;SBEG;118;28/09/2022 14:32;28/09/2022 15:20
AZU;SWPI;SBEG;118;30/09/2022 14:37;30/09/2022 15:28
AZU;SWPI;SBEG;118;;
AZU;SWPI;SBEG;118;03/10/2022 14:47;03/10/2022 15:35
AZU;SWPI;SBEG;118;04/10/2022 14:53;04/10/2022 15:42
AZU;SWPI;SBEG;118;05/10/2022 14:15;05/10/2022 15:03
AZU;SWPI;SBEG;118;07/10/2022 14:48;07/10/2022 15:35
AZU;SWPI;SBEG;118;09/10/2022 14:27;09/10/2022 15:16
AZU;SWPI;SBEG;118;11/10/2022 14:56;11/10/2022 15:44
AZU;SWPI;SBEG;118;13/10/2022 14:22;13/10/2022 15:10
AZU;SWPI;SBEG;118;16/10/2022 14:31;16/10/2022 15:19
AZU;SWPI;SBEG;118;17/10/2022 14:27;17/10/2022 15:16
AZU;SWPI;SBEG;118;18/10/2022 14:48;18/10/2022 15:39
AZU;SWPI;SBEG;118;19/10/2022 14:24;19/10/2022 15:15
AZU;SWPI;SBEG;118;20/10/2022 14:42;20/10/2022 15:32
AZU;SWPI;SBEG;118;21/10/2022 14:31;21/10/2022 15:18
AZU;SWPI;SBEG;118;23/10/2022 14:24;23/10/2022 15:11
AZU;SWPI;SBEG;118;24/10/2022 14:15;24/10/2022 15:04
AZU;SWPI;SBEG;118;25/10/2022 15:07;25/10/2022 15:56
AZU;SWPI;SBEG;118;26/10/2022 14:17;26/10/2022 15:08
AZU;SWPI;SBEG;118;27/10/2022 14:41;27/10/2022 15:31
AZU;SWPI;SBEG;118;28/10/2022 14:33;28/10/2022 15:22
AZU;SWPI;SBEG;118;;
AZU;SWPI;SBEG;118;31/10/2022 14:44;31/10/2022 15:32
AZU;SWPI;SBEG;118;01/11/2022 14:48;01/11/2022 15:39
AZU;SWPI;SBEG;118;03/11/2022 14:55;03/11/2022 15:50
AZU;SWPI;SBEG;118;04/11/2022 15:58;04/11/2022 16:50
AZU;SWPI;SBEG;118;06/11/2022 14:20;06/11/2022 15:12
AZU;SWPI;SBEG;118;07/11/2022 14:27;07/11/2022 15:13
AZU;SWPI;SBEG;118;08/11/2022 15:00;08/11/2022 15:48
AZU;SWPI;SBEG;118;09/11/2022 14:32;09/11/2022 15:21
AZU;SWPI;SBEG;118;10/11/2022 14:44;10/11/2022 15:34
AZU;SWPI;SBEG;118;11/11/2022 14:25;11/11/2022 15:14
AZU;SWPI;SBEG;118;15/11/2022 14:50;15/11/2022 15:39
AZU;SWPI;SBEG;118;16/11/2022 14:20;16/11/2022 15:09
AZU;SWPI;SBEG;118;17/11/2022 14:47;17/11/2022 15:39
AZU;SWPI;SBEG;118;18/11/2022 14:23;18/11/2022 15:15
AZU;SWPI;SBEG;118;20/11/2022 14:17;20/11/2022 15:06
AZU;SWPI;SBEG;118;21/11/2022 14:17;21/11/2022 15:11
AZU;SWPI;SBEG;118;22/11/2022 14:45;22/11/2022 15:47
AZU;SWPI;SBEG;118;23/11/2022 14:22;23/11/2022 15:11
AZU;SWPI;SBEG;118;24/11/2022 14:55;24/11/2022 15:43
AZU;SWPI;SBEG;118;25/11/2022 14:36;25/11/2022 15:22
AZU;SWPI;SBEG;118;27/11/2022 14:44;27/11/2022 15:36
AZU;SWPI;SBEG;118;28/11/2022 14:33;28/11/2022 15:18
AZU;SWPI;SBEG;118;29/11/2022 14:51;29/11/2022 15:38
AZU;SWPI;SBEG;118;30/11/2022 14:26;30/11/2022 15:16
AZU;SWPI;SBEG;118;01/12/2022 14:50;01/12/2022 15:41
AZU;SWPI;SBEG;118;02/12/2022 14:41;02/12/2022 15:30
AZU;SWPI;SBEG;118;;
AZU;SWPI;SBEG;118;05/12/2022 14:26;05/12/2022 15:17
AZU;SWPI;SBEG;118;06/12/2022 14:59;06/12/2022 15:50
AZU;SWPI;SBEG;118;07/12/2022 14:24;07/12/2022 15:18
AZU;SWPI;SBEG;118;08/12/2022 14:48;08/12/2022 15:34
AZU;SWPI;SBEG;118;09/12/2022 14:27;09/12/2022 15:16
AZU;SWPI;SBEG;118;11/12/2022 14:28;11/12/2022 15:17
AZU;SWPI;SBEG;118;12/12/2022 14:26;12/12/2022 15:22
AZU;SWPI;SBEG;118;13/12/2022 14:58;13/12/2022 16:00
AZU;SWPI;SBEG;118;14/12/2022 14:22;14/12/2022 15:12
AZU;SWPI;SBEG;118;15/12/2022 14:51;15/12/2022 15:44
AZU;SWPI;SBEG;118;16/12/2022 18:17;16/12/2022 19:09
AZU;SWPI;SBEG;0;16/12/2022 23:58;17/12/2022 00:48
AZU;SWPI;SBEG;118;18/12/2022 14:38;18/12/2022 15:34
AZU;SWPI;SBEG;118;19/12/2022 14:25;19/12/2022 15:13
AZU;SWPI;SBEG;118;20/12/2022 14:58;20/12/2022 15:47
AZU;SWPI;SBEG;118;21/12/2022 14:32;21/12/2022 15:25
AZU;SWPI;SBEG;118;22/12/2022 15:02;22/12/2022 15:55
AZU;SWPI;SBEG;118;23/12/2022 14:23;23/12/2022 15:13
AZU;SWPI;SBEG;118;26/12/2022 14:38;26/12/2022 15:28
AZU;SWPI;SBEG;118;27/12/2022 15:01;27/12/2022 15:56
AZU;SWPI;SBEG;118;28/12/2022 14:30;28/12/2022 15:18
AZU;SWPI;SBEG;118;30/12/2022 14:22;30/12/2022 15:14
PAM;SWPI;SBEG;68;04/01/2022 20:41;04/01/2022 21:49
PAM;SWPI;SBEG;68;07/01/2022 23:38;08/01/2022 00:46
PAM;SWPI;SBEG;68;10/01/2022 20:44;10/01/2022 21:54
PAM;SWPI;SBEG;68;11/01/2022 20:51;11/01/2022 22:02
PAM;SWPI;SBEG;68;15/01/2022 00:36;15/01/2022 01:40
PAM;SWPI;SBEG;68;17/01/2022 23:32;18/01/2022 00:40
PAM;SWPI;SBEG;68;18/01/2022 20:42;18/01/2022 21:46
PAM;SWPI;SBEG;68;21/01/2022 23:45;22/01/2022 00:51
PAM;SWPI;SBEG;70;22/01/2022 11:25;22/01/2022 12:33
PAM;SWPI;SBEG;68;24/01/2022 20:44;24/01/2022 21:49
PAM;SWPI;SBEG;68;25/01/2022 20:42;25/01/2022 21:46
PAM;SWPI;SBEG;70;26/01/2022 18:20;26/01/2022 19:33
PAM;SWPI;SBEG;68;28/01/2022 22:12;28/01/2022 23:23
PAM;SWPI;SBEG;70;29/01/2022 11:35;29/01/2022 12:47
PAM;SWPI;SBEG;47;01/02/2022 21:22;01/02/2022 22:41
PAM;SWPI;SBEG;70;;
PAM;SWPI;SBEG;68;;
PAM;SWPI;SBEG;72;04/02/2022 16:14;04/02/2022 17:29
PAM;SWPI;SBEG;70;05/02/2022 19:50;05/02/2022 20:59
PAM;SWPI;SBEG;70;07/02/2022 12:00;07/02/2022 13:12
PAM;SWPI;SBEG;70;10/02/2022 02:04;10/02/2022 03:10
PAM;SWPI;SBEG;68;;
PAM;SWPI;SBEG;70;;
PAM;SWPI;SBEG;72;12/02/2022 15:05;12/02/2022 16:17
PAM;SWPI;SBEG;72;14/02/2022 13:09;14/02/2022 14:12
PAM;SWPI;SBEG;68;;
PAM;SWPI;SBEG;47;;
PAM;SWPI;SBEG;70;16/02/2022 18:25;16/02/2022 19:35
PAM;SWPI;SBEG;68;;
PAM;SWPI;SBEG;70;19/02/2022 12:12;19/02/2022 13:29
PAM;SWPI;SBEG;70;21/02/2022 11:10;21/02/2022 12:23
PAM;SWPI;SBEG;47;22/02/2022 20:40;22/02/2022 21:49
PAM;SWPI;SBEG;70;23/02/2022 18:44;23/02/2022 19:55
PAM;SWPI;SBEG;68;;
PAM;SWPI;SBEG;70;26/02/2022 11:27;26/02/2022 12:32
PAM;SWPI;SBEG;68;;
PAM;SWPI;SBEG;47;01/03/2022 17:49;01/03/2022 18:55
PAM;SWPI;SBEG;70;02/03/2022 13:06;02/03/2022 14:13
PAM;SWPI;SBEG;70;05/03/2022 12:36;05/03/2022 13:46
PAM;SWPI;SBEG;47;07/03/2022 17:31;07/03/2022 18:40
PAM;SWPI;SBEG;47;08/03/2022 17:46;08/03/2022 18:56
PAM;SWPI;SBEG;70;09/03/2022 14:22;09/03/2022 15:33
PAM;SWPI;SBEG;68;11/03/2022 17:48;11/03/2022 18:56
PAM;SWPI;SBEG;70;12/03/2022 11:27;12/03/2022 12:37
PAM;SWPI;SBEG;68;15/03/2022 17:30;15/03/2022 18:39
PAM;SWPI;SBEG;70;16/03/2022 13:15;16/03/2022 14:31
PAM;SWPI;SBEG;68;18/03/2022 15:20;18/03/2022 16:25
PAM;SWPI;SBEG;70;19/03/2022 17:00;19/03/2022 18:13
PAM;SWPI;SBEG;68;;
PAM;SWPI;SBEG;68;;
PAM;SWPI;SBEG;68;22/03/2022 18:15;22/03/2022 19:20
PAM;SWPI;SBEG;47;22/03/2022 13:31;22/03/2022 14:40
PAM;SWPI;SBEG;70;23/03/2022 13:18;23/03/2022 14:31
PAM;SWPI;SBEG;68;25/03/2022 17:01;25/03/2022 18:10
PAM;SWPI;SBEG;70;26/03/2022 12:29;26/03/2022 13:34
PAM;SWPI;SBEG;68;29/03/2022 17:33;29/03/2022 18:40
PAM;SWPI;SBEG;68;30/03/2022 13:01;30/03/2022 14:13
PAM;SWPI;SBEG;68;01/04/2022 16:40;01/04/2022 18:13
PAM;SWPI;SBEG;68;02/04/2022 12:12;02/04/2022 13:22
PAM;SWPI;SBEG;68;;
PAM;SWPI;SBEG;68;;
PAM;SWPI;SBEG;68;06/04/2022 17:12;06/04/2022 18:22
PAM;SWPI;SBEG;72;06/04/2022 10:56;06/04/2022 12:07
PAM;SWPI;SBEG;68;08/04/2022 16:51;08/04/2022 17:54
PAM;SWPI;SBEG;68;09/04/2022 12:10;09/04/2022 13:18
PAM;SWPI;SBEG;68;11/04/2022 15:04;11/04/2022 16:14
PAM;SWPI;SBEG;68;12/04/2022 18:12;12/04/2022 19:30
PAM;SWPI;SBEG;68;13/04/2022 17:29;13/04/2022 18:41
PAM;SWPI;SBEG;68;15/04/2022 09:57;15/04/2022 11:03
PAM;SWPI;SBEG;68;16/04/2022 11:44;16/04/2022 12:50
PAM;SWPI;SBEG;68;;
PAM;SWPI;SBEG;68;19/04/2022 09:54;19/04/2022 11:11
PAM;SWPI;SBEG;68;20/04/2022 18:18;20/04/2022 19:35
PAM;SWPI;SBEG;72;21/04/2022 12:00;21/04/2022 13:09
PAM;SWPI;SBEG;68;;
PAM;SWPI;SBEG;68;;
PAM;SWPI;SBEG;72;23/04/2022 17:29;23/04/2022 18:40
PAM;SWPI;SBEG;68;;
PAM;SWPI;SBEG;68;27/04/2022 17:30;27/04/2022 18:39
PAM;SWPI;SBEG;47;27/04/2022 11:00;27/04/2022 12:06
PAM;SWPI;SBEG;68;29/04/2022 10:13;29/04/2022 11:32
PAM;SWPI;SBEG;68;30/04/2022 12:17;30/04/2022 13:24
PAM;SWPI;SBEG;68;;
PAM;SWPI;SBEG;68;03/05/2022 09:59;03/05/2022 11:23
PAM;SWPI;SBEG;68;04/05/2022 17:15;04/05/2022 18:24
PAM;SWPI;SBEG;68;06/05/2022 09:55;06/05/2022 11:05
PAM;SWPI;SBEG;68;07/05/2022 11:36;07/05/2022 12:45
PAM;SWPI;SBEG;68;;
PAM;SWPI;SBEG;68;;
PAM;SWPI;SBEG;68;11/05/2022 16:33;11/05/2022 17:44
PAM;SWPI;SBEG;68;13/05/2022 09:52;13/05/2022 10:59
PAM;SWPI;SBEG;68;14/05/2022 11:20;14/05/2022 12:28
PAM;SWPI;SBEG;68;;
PAM;SWPI;SBEG;68;17/05/2022 09:32;17/05/2022 10:35
PAM;SWPI;SBEG;68;18/05/2022 17:09;18/05/2022 18:16
PAM;SWPI;SBEG;68;;
PAM;SWPI;SBEG;68;21/05/2022 11:30;21/05/2022 12:37
PAM;SWPI;SBEG;68;;
PAM;SWPI;SBEG;68;24/05/2022 09:31;24/05/2022 10:40
PAM;SWPI;SBEG;68;25/05/2022 17:25;25/05/2022 18:38
PAM;SWPI;SBEG;68;27/05/2022 09:51;27/05/2022 10:57
PAM;SWPI;SBEG;68;28/05/2022 11:31;28/05/2022 12:37
PAM;SWPI;SBEG;68;;
PAM;SWPI;SBEG;68;31/05/2022 09:39;31/05/2022 10:52
PAM;SWPI;SBEG;68;;
PAM;SWPI;SBEG;68;03/06/2022 09:42;03/06/2022 10:53
PAM;SWPI;SBEG;68;04/06/2022 11:27;04/06/2022 12:34
PAM;SWPI;SBEG;68;;
PAM;SWPI;SBEG;68;08/06/2022 17:05;08/06/2022 18:14
PAM;SWPI;SBEG;68;;
PAM;SWPI;SBEG;72;11/06/2022 11:56;11/06/2022 13:06
PAM;SWPI;SBEG;72;12/06/2022 11:49;12/06/2022 13:00
PAM;SWPI;SBEG;68;14/06/2022 09:36;14/06/2022 10:39
PAM;SWPI;SBEG;72;15/06/2022 17:27;15/06/2022 18:32
PAM;SWPI;SBEG;68;;
PAM;SWPI;SBEG;72;18/06/2022 12:23;18/06/2022 13:29
PAM;SWPI;SBEG;68;19/06/2022 22:12;19/06/2022 23:20
PAM;SWPI;SBEG;47;19/06/2022 19:14;19/06/2022 20:21
PAM;SWPI;SBEG;72;20/06/2022 22:11;20/06/2022 23:16
PAM;SWPI;SBEG;68;21/06/2022 23:34;22/06/2022 00:37
PAM;SWPI;SBEG;47;21/06/2022 10:04;21/06/2022 11:08
PAM;SWPI;SBEG;68;22/06/2022 17:33;22/06/2022 18:38
PAM;SWPI;SBEG;72;22/06/2022 21:47;22/06/2022 22:54
PAM;SWPI;SBEG;68;22/06/2022 14:22;22/06/2022 15:29
PAM;SWPI;SBEG;68;22/06/2022 21:53;22/06/2022 23:05
PAM;SWPI;SBEG;68;23/06/2022 16:35;23/06/2022 17:47
PAM;SWPI;SBEG;72;23/06/2022 09:42;23/06/2022 10:49
PAM;SWPI;SBEG;47;23/06/2022 18:34;23/06/2022 19:46
PAM;SWPI;SBEG;47;23/06/2022 22:07;23/06/2022 23:13
PAM;SWPI;SBEG;47;;
PAM;SWPI;SBEG;47;23/06/2022 13:05;23/06/2022 14:09
PAM;SWPI;SBEG;47;;
PAM;SWPI;SBEG;68;23/06/2022 19:43;23/06/2022 20:51
PAM;SWPI;SBEG;68;24/06/2022 21:30;24/06/2022 22:34
PAM;SWPI;SBEG;47;24/06/2022 02:36;24/06/2022 03:43
PAM;SWPI;SBEG;47;24/06/2022 23:39;25/06/2022 00:36
PAM;SWPI;SBEG;47;24/06/2022 09:33;24/06/2022 10:33
PAM;SWPI;SBEG;47;;
PAM;SWPI;SBEG;47;24/06/2022 12:52;24/06/2022 13:55
PAM;SWPI;SBEG;68;24/06/2022 10:26;24/06/2022 11:33
PAM;SWPI;SBEG;68;24/06/2022 13:27;24/06/2022 14:32
PAM;SWPI;SBEG;47;24/06/2022 19:52;24/06/2022 21:06
PAM;SWPI;SBEG;68;25/06/2022 09:33;25/06/2022 10:48
PAM;SWPI;SBEG;68;25/06/2022 13:00;25/06/2022 14:15
PAM;SWPI;SBEG;68;;
PAM;SWPI;SBEG;68;;
PAM;SWPI;SBEG;72;26/06/2022 23:22;27/06/2022 00:31
PAM;SWPI;SBEG;72;26/06/2022 12:35;26/06/2022 13:46
PAM;SWPI;SBEG;72;26/06/2022 15:58;26/06/2022 17:12
PAM;SWPI;SBEG;47;26/06/2022 19:29;26/06/2022 20:44
PAM;SWPI;SBEG;68;26/06/2022 20:07;26/06/2022 21:19
PAM;SWPI;SBEG;47;27/06/2022 23:19;28/06/2022 00:30
PAM;SWPI;SBEG;72;28/06/2022 13:13;28/06/2022 14:24
PAM;SWPI;SBEG;47;28/06/2022 04:27;28/06/2022 05:31
PAM;SWPI;SBEG;68;27/06/2022 11:43;27/06/2022 13:06
PAM;SWPI;SBEG;68;27/06/2022 15:45;27/06/2022 16:53
PAM;SWPI;SBEG;68;27/06/2022 19:27;27/06/2022 20:45
PAM;SWPI;SBEG;47;27/06/2022 23:56;28/06/2022 01:13
PAM;SWPI;SBEG;47;27/06/2022 11:41;27/06/2022 12:57
PAM;SWPI;SBEG;68;28/06/2022 22:43;28/06/2022 23:50
PAM;SWPI;SBEG;47;28/06/2022 09:41;28/06/2022 10:48
PAM;SWPI;SBEG;47;28/06/2022 13:02;28/06/2022 14:10
PAM;SWPI;SBEG;47;28/06/2022 16:21;28/06/2022 17:34
PAM;SWPI;SBEG;47;28/06/2022 19:27;28/06/2022 20:38
PAM;SWPI;SBEG;47;29/06/2022 11:53;29/06/2022 13:00
PAM;SWPI;SBEG;68;;
PAM;SWPI;SBEG;47;01/07/2022 11:27;01/07/2022 12:28
PAM;SWPI;SBEG;47;02/07/2022 14:02;02/07/2022 15:08
PAM;SWPI;SBEG;47;03/07/2022 17:30;03/07/2022 18:28
PAM;SWPI;SBEG;47;04/07/2022 11:27;04/07/2022 12:24
PAM;SWPI;SBEG;47;06/07/2022 11:46;06/07/2022 13:03
PAM;SWPI;SBEG;47;08/07/2022 11:37;08/07/2022 12:45
PAM;SWPI;SBEG;47;09/07/2022 14:14;09/07/2022 15:17
PAM;SWPI;SBEG;47;10/07/2022 17:02;10/07/2022 18:07
PAM;SWPI;SBEG;47;;
PAM;SWPI;SBEG;0;11/07/2022 16:41;11/07/2022 17:51
PAM;SWPI;SBEG;47;13/07/2022 11:40;13/07/2022 12:47
PAM;SWPI;SBEG;47;15/07/2022 12:38;15/07/2022 13:43
PAM;SWPI;SBEG;47;16/07/2022 14:06;16/07/2022 15:12
PAM;SWPI;SBEG;47;17/07/2022 17:34;17/07/2022 18:36
PAM;SWPI;SBEG;47;18/07/2022 11:46;18/07/2022 12:53
PAM;SWPI;SBEG;47;20/07/2022 11:33;20/07/2022 12:39
PAM;SWPI;SBEG;47;22/07/2022 11:31;22/07/2022 12:36
PAM;SWPI;SBEG;47;23/07/2022 14:19;23/07/2022 15:30
PAM;SWPI;SBEG;47;24/07/2022 17:17;24/07/2022 18:22
PAM;SWPI;SBEG;47;25/07/2022 11:27;25/07/2022 12:34
PAM;SWPI;SBEG;47;27/07/2022 11:26;27/07/2022 12:33
PAM;SWPI;SBEG;47;29/07/2022 11:37;29/07/2022 12:50
PAM;SWPI;SBEG;47;30/07/2022 14:07;30/07/2022 15:12
PAM;SWPI;SBEG;47;31/07/2022 17:21;31/07/2022 18:25
PAM;SWPI;SBEG;47;02/08/2022 13:53;02/08/2022 14:53
PAM;SWPI;SBEG;47;04/08/2022 13:51;04/08/2022 14:58
PAM;SWPI;SBEG;47;06/08/2022 14:33;06/08/2022 15:42
PAM;SWPI;SBEG;47;07/08/2022 17:33;07/08/2022 18:36
PAM;SWPI;SBEG;47;;
PAM;SWPI;SBEG;47;13/08/2022 14:10;13/08/2022 15:13
PAM;SWPI;SBEG;47;;
PAM;SWPI;SBEG;47;16/08/2022 14:06;16/08/2022 15:11
PAM;SWPI;SBEG;47;;
PAM;SWPI;SBEG;47;20/08/2022 15:47;20/08/2022 16:53
PAM;SWPI;SBEG;47;21/08/2022 17:26;21/08/2022 18:30
PAM;SWPI;SBEG;47;25/08/2022 11:30;25/08/2022 12:42
PAM;SWPI;SBEG;47;;
PAM;SWPI;SBEG;47;27/08/2022 14:02;27/08/2022 15:06
PAM;SWPI;SBEG;47;28/08/2022 17:22;28/08/2022 18:21
PAM;SWPI;SBEG;47;30/08/2022 11:32;30/08/2022 12:32
PAM;SWPI;SBEG;47;;
PAM;SWPI;SBEG;47;01/09/2022 13:52;01/09/2022 14:54
PAM;SWPI;SBEG;47;03/09/2022 14:02;03/09/2022 14:56
PAM;SWPI;SBEG;47;04/09/2022 17:27;04/09/2022 18:30
PAM;SWPI;SBEG;47;08/09/2022 14:43;08/09/2022 15:41
PAM;SWPI;SBEG;47;;
PAM;SWPI;SBEG;47;;
PAM;SWPI;SBEG;47;;
PAM;SWPI;SBEG;47;;
PAM;SWPI;SBEG;47;;
PAM;SWPI;SBEG;47;;
PAM;SWPI;SBEG;47;;
PAM;SWPI;SBEG;47;22/09/2022 14:01;22/09/2022 15:06
PAM;SWPI;SBEG;47;;
PAM;SWPI;SBEG;47;;
PAM;SWPI;SBEG;47;;
PAM;SWPI;SBEG;47;29/09/2022 14:04;29/09/2022 15:05
PAM;SWPI;SBEG;47;06/10/2022 13:58;06/10/2022 15:02
PAM;SWPI;SBEG;47;;
PAM;SWPI;SBEG;47;;
PAM;SWPI;SBEG;47;13/10/2022 11:31;13/10/2022 12:37
PAM;SWPI;SBEG;47;;
PAM;SWPI;SBEG;47;;
PAM;SWPI;SBEG;47;;
PAM;SWPI;SBEG;47;20/10/2022 13:58;20/10/2022 15:03
PAM;SWPI;SBEG;47;;
PAM;SWPI;SBEG;47;;
PAM;SWPI;SBEG;47;27/10/2022 11:51;27/10/2022 13:01
PAM;SWPI;SBEG;47;;
PAM;SWPI;SBEG;47;;
PAM;SWPI;SBEG;47;;
PAM;SWPI;SBEG;47;03/11/2022 11:38;03/11/2022 12:41
PAM;SWPI;SBEG;47;;
PAM;SWPI;SBEG;47;;
PAM;SWPI;SBEG;47;10/11/2022 11:32;10/11/2022 12:29
PAM;SWPI;SBEG;47;;
PAM;SWPI;SBEG;47;;
PAM;SWPI;SBEG;47;17/11/2022 13:45;17/11/2022 14:51
PAM;SWPI;SBEG;47;;
PAM;SWPI;SBEG;47;;
PAM;SWPI;SBEG;47;;
PAM;SWPI;SBEG;47;01/12/2022 13:31;01/12/2022 14:47
PAM;SWPI;SBEG;47;;
PAM;SWPI;SBEG;47;06/12/2022 13:31;06/12/2022 14:35
PAM;SWPI;SBEG;47;08/12/2022 14:39;08/12/2022 15:45
PAM;SWPI;SBEG;47;;
PAM;SWPI;SBEG;47;;
PAM;SWPI;SBEG;47;13/12/2022 13:43;13/12/2022 14:59
PAM;SWPI;SBEG;47;15/12/2022 13:45;15/12/2022 14:51
PAM;SWPI;SBEG;47;20/12/2022 14:08;20/12/2022 15:15
PAM;SWPI;SBEG;47;27/12/2022 14:23;27/12/2022 15:30
PAM;SWPI;SBEG;47;;
TTL;SWPI;SBEG;47;;
TTL;SWPI;SBEG;47;;
TTL;SWPI;SBEG;47;;
TTL;SWPI;SBEG;47;;
TTL;SWPI;SBEG;47;;
TTL;SWPI;SBEG;47;;
TTL;SWPI;SBEG;47;;
TTL;SWPI;SBEG;48;26/06/2022 22:32;26/06/2022 23:39
TTL;SWPI;SBEG;47;;
TTL;SWPI;SBEG;47;;
TTL;SWPI;SBEG;48;26/06/2022 19:10;26/06/2022 20:32
TTL;SWPI;SBEG;48;27/06/2022 18:28;27/06/2022 19:34
TTL;SWPI;SBEG;47;;
TTL;SWPI;SBEG;47;;
TTL;SWPI;SBEG;47;;
TTL;SWPI;SBEG;48;28/06/2022 18:03;28/06/2022 19:10
TTL;SWPI;SBEG;47;;
TTL;SWPI;SBEG;48;29/06/2022 15:37;29/06/2022 16:43
